"year","title","authors","source","volume","issue","doi","document_type","language","country_orig","country","iso3"
2024,"Marine toxins in environment: Recent updates on depuration techniques","Bian, Y; Feng, XS; Zhang, Y; Du, C; Wen, YQ","Ecotoxicology and Environmental Safety","284",NA,"10.1016/j.ecoenv.2024.116990","Review","English","Peoples R China","China","CHN"
2023,"BIOTOXIN UPTAKE, RETENTION, AND DEPURATION TRENDS IN PURPLE-HINGED ROCK SCALLOPS, CRASSADOMA GIGANTEA (GRAY 1825)","Houle, KC; Bill, BD; Christy, A; Davis, JP; Leighfield, TA; Morton, SL; Shumway, SE; Trainer, VL; Vadopalas, B; Hudson, B","Journal of Shellfish Research","42","2","10.2983/035.042.0209","Article","English","WA 98506 USA","United States","USA"
2015,"Depuration of paralytic shellfish toxins in Japanese scallop (Patinopecten yessoensis) in natural environment","Song, T; Liu, L; Song, XP; Liang, YB; Zhuang, GH","Acta Oceanologica Sinica","34","12","10.1007/s13131-015-0764-y","Article","English","Peoples R China","China","CHN"
2013,"Accumulation and depuration of paralytic shellfish poisoning toxins in the oyster Ostrea rivularis Gould - Chitosan facilitates the toxin depuration","Xie, WC; Liu, XL; Yang, XH; Zhang, CH; Bian, ZY","Food Control","30","2","10.1016/j.foodcont.2012.07.035","Article","English","Peoples R China","China","CHN"
2010,"The copepod Calanus finmarchicus: A potential vector for trophic transfer of the marine algal biotoxin, domoic acid","Leandro, LF; Teegarden, GJ; Roth, PB; Wang, ZH; Doucette, GJ","Journal of Experimental Marine Biology and Ecology","382","2","10.1016/j.jembe.2009.11.002","Article","English","SC 29412 USA","United States","USA"
2015,"Warm temperature acclimation impacts metabolism of paralytic shellfish toxins from Alexandrium minutum in commercial oysters","Farrell, H; Seebacher, F; O'Connor, W; Zammit, A; Harwood, DT; Murray, S","Global Change Biology","21","9","10.1111/gcb.12952","Article","English","Australia","Australia","AUS"
2011,"Bioaccumulation and depuration of paralytic shellfish toxin in Perna viridis and Meretrix meretrix from Mumbai, India","Sharma, R; Venkateshvaran, K; Purushothaman, CS","Indian Journal of Geo-Marine Sciences","40","4",NA,"Article","English","India","India","IND"
2012,"Uptake and release of paralytic shellfish toxins by the clam Ruditapes decussatus exposed to Gymnodinium catenatum and subsequent depuration","Botelho, MJ; Vale, C; Grilo, RV; Ferreira, JG","Marine Environmental Research","77",NA,"10.1016/j.marenvres.2012.01.002","Article","English","Portugal","Portugal","PRT"
2003,"Depuration of Okadaic acid (Diarrhetic Shellfish Toxin) in mussels, Mytilus edulis (Linnaeus), feeding on different quantities of nontoxic algae","Svensson, S","Aquaculture","218","1-4","10.1016/S0044-8486(02)00504-5","Article","English","Sweden","Sweden","SWE"
2014,"Uptake, transfer and elimination kinetics of paralytic shellfish toxins in common octopus (Octopus vulgaris)","Lopes, VM; Baptista, M; Repolho, T; Rosa, R; Costa, PR","Aquatic Toxicology","146",NA,"10.1016/j.aquatox.2013.11.011","Article","English","Portugal","Portugal","PRT"
2025,"Toxin uptake and slowed reflexes by the marine snail Lunella undulata following exposure to paralytic shellfish toxin producing Alexandrium catenella","Seger, A; Brady, J; Vandeveer, KS; Jordan, T; Trotter, AJ; Robinson, G; Keane, JP; Turnbull, A","Harmful Algae","147",NA,"10.1016/j.hal.2025.102868","Article","English","Australia","Australia","AUS"
2019,"Paralytic Shellfish Toxin Uptake, Assimilation, Depuration, and Transformation in the Southeast Asian Green-Lipped Mussel (Perna viridis)","Andres, JK; Yñiguez, AT; Maister, JM; Turner, AD; Olano, DEB; Mendoza, J; Salvador-Reyes, L; Azanza, RV","Toxins","11","8","10.3390/toxins11080468","Article","English","Philippines","Philippines","PHL"
2008,"Profiles and levels of fatty acid esters of okadaic acid group toxins and pectenotoxins during toxin depuration, Part I: Brown crab (Cancer pagurus)","Torgersen, T; Lindegarth, S; Ungfors, A; Sandvik, M","Toxicon","52","3","10.1016/j.toxicon.2008.06.010","Article","English","Norway","Norway","NOR"
2008,"Profiles and levels of fatty acid esters of okadaic acid group toxins and pectenotoxins during toxin depuration. Part II: Blue mussels (Mytilus edulis) and flat oyster (Ostrea edulis)","Torgersen, T; Sandvik, M; Lundve, B; Lindegarth, S","Toxicon","52","3","10.1016/j.toxicon.2008.06.011","Article","English","Norway","Norway","NOR"
2009,"Accumulation and depuration of pectenotoxins in brown crab Cancer pagurus","Li, ZX","Chinese Journal of Oceanology and Limnology","27","2","10.1007/s00343-009-9109-z","Article","English","Peoples R China","China","CHN"
2019,"Geographical distribution and seasonal variation in paralytic shellfish toxins in the coastal water of the South China Sea","Yao, JY; Jin, W; Li, DM; Xu, DY; Wen, SY; Liu, RY; Liang, YB; Lu, SH","Toxicon","168",NA,"10.1016/j.toxicon.2019.06.221","Article","English","Peoples R China","China","CHN"
2007,"The effect of size and age on depuration rates of diarrhetic shellfish toxins (DST) in mussels (Mytilus edulis L.)","Duinker, A; Bergslien, M; Strand, O; Olseng, CD; Svardal, A","Harmful Algae","6","2","10.1016/j.hal.2006.10.003","Article","English","Norway","Norway","NOR"
1995,"UPTAKE AND DEPURATION OF THE HEPTAPEPTIDE TOXIN MICROCYSTIN-LR IN MYTILUS-GALLOPROVINCIALIS","VASCONCELOS, VM","Aquatic Toxicology","32","2-3","10.1016/0166-445X(94)00085-5","Article","English",NA,NA,NA
2021,"Shellfish Toxin Uptake and Depuration in Multiple Atlantic Canadian Molluscan Species: Application to Selection of Sentinel Species in Monitoring Programs","Rourke, WA; Justason, A; Martin, JL; Murphy, CJ","Toxins","13","2","10.3390/toxins13020168","Article","English","Canada","Canada","CAN"
2019,"Spatial variability and depuration of tetrodotoxin in the bivalve Paphies australis from New Zealand","Biessy, L; Smith, KF; Harwood, DT; Boundy, MJ; Hawes, I; Wood, SA","Toxicon-X","2",NA,"10.1016/j.toxcx.2019.100008","Article","English","New Zealand","New Zealand","NZL"
2011,"Comparative dynamics of paralytic shellfish toxins (PST) in a tolerant and susceptible population of the copepod Acartia hudsonica","Dam, HG; Haley, ST","Harmful Algae","10","3","10.1016/j.hal.2010.10.004","Article","English","CT 06340 USA","United States","USA"
2012,"Calanus spp.-Vectors for the biotoxin, domoic acid, in the Arctic marine ecosystem?","Tammilehto, A; Nielsen, TG; Krock, B; Moller, EF; Lundholm, N","Harmful Algae","20",NA,"10.1016/j.hal.2012.10.004","Article","English","Denmark","Denmark","DNK"
2020,"Response of fatty acids and lipid metabolism enzymes during accumulation, depuration and esterification of diarrhetic shellfish toxins in mussels (Mytilus galloprovincialis)","Qiu, JB; Ji, Y; Fang, Y; Zhao, MY; Wang, SQ; Ai, QH; Li, AF","Ecotoxicology and Environmental Safety","206",NA,"10.1016/j.ecoenv.2020.111223","Article","English","Peoples R China","China","CHN"
2021,"Depuration Kinetics and Growth Dilution of Caribbean Ciguatoxin in the Omnivore Lagodon rhomboides: Implications for Trophic Transfer and Ciguatera Risk","Bennett, CT; Robertson, A","Toxins","13","11","10.3390/toxins13110774","Article","English","AL 36688 USA","United States","USA"
2023,"Cation-Exchange Resin Applied to Paralytic Shellfish Toxins Depuration from Bivalves Exposed to Gymnodinium catenatum","Leal, JF; Bombo, G; Amado, PSM; Pereira, H; Cristiano, MLS","Foods","12","4","10.3390/foods12040768","Article","English","Portugal","Portugal","PRT"
2003,"Field depuration and biotransformation of paralytic shellfish toxins in scallop Chlamys nobilis and green-lipped mussel Perna viridis","Choi, MC; Hsieh, DPH; Lam, PKS; Wang, WX","Marine Biology","143","5","10.1007/s00227-003-1148-y","Article","English","Peoples R China","China","CHN"
2004,"Analysis of the importance of lipid breakdown for elimination of okadaic acid (diarrhetic shellfish toxin) in mussels, Mytilus edulis:: results from a field study and a laboratory experiment","Svensson, S; Förlin, L","Aquatic Toxicology","66","4","10.1016/j.aquatox.2003.11.002","Article","English","Sweden","Sweden","SWE"
2020,"Paralytic shellfish toxin uptake, tissue distribution, and depuration in the Southern Rock Lobster Jasus edwardsii Hutton","Turnbull, A; Malhi, N; Seger, A; Harwood, T; Jolley, J; Fitzgibbon, Q; Hallegraeff, G","Harmful Algae","95",NA,"10.1016/j.hal.2020.101818","Article","English","Australia","Australia","AUS"
2014,"Temperature effects on kinetics of paralytic shellfish toxin elimination in Atlantic surfclams, Spisula solidissima","Bricelj, VM; Cembella, AD; Laby, D","Deep-Sea Research Part Ii-Topical Studies in Oceanography","103",NA,"10.1016/j.dsr2.2013.05.014","Article","English","NJ 08901 USA","United States","USA"
2020,"Biokinetics and biotransformation of paralytic shellfish toxins in different tissues of Yesso scallops, Patinopecten yessoensis","Liu, Y; Kong, FZ; Xun, XG; Dai, L; Geng, HX; Hu, XL; Yu, RC; Bao, ZM; Zhou, MJ","Chemosphere","261",NA,"10.1016/j.chemosphere.2020.128063","Article","English","Peoples R China","China","CHN"
2020,"The occurrence of lipophilic toxins in shellfish from the Middle Adriatic Sea","Talic, S; Skobic, D; Dedic, A; Nazlic, N; Ujevic, I; Ivankovic, A; Pavela-Vrancic, M","Toxicon","186",NA,"10.1016/j.toxicon.2020.07.026","Article","English","Bosnia & Herceg","Bosnia & Herzegovina","BIH"
2017,"Effects of depuration on histopathological changes in tilapia (Oreochromis niloticus) after exposure to cylindrospermopsin","Guzmán-Guillén, R; Ortega, AIP; Moreno, IM; Ríos, V; Moyano, R; Blanco, A; Vasconcelos, V; Cameán, AM","Environmental Toxicology","32","4","10.1002/tox.22326","Article","English","Spain","Spain","ESP"
2006,"Nodularin accumulation during cyanobacterial blooms and experimental depuration in zooplankton","Karjalainen, M; Kozlowsky-Suzuki, B; Lehtiniemi, M; Engström-Öst, J; Kankaanpää, H; Viitasalo, M","Marine Biology","148","4","10.1007/s00227-005-0126-y","Article","English","Sweden","Sweden","SWE"
2016,"Changes of paralytic shellfish toxins in gills and digestive glands of the cockle Cerastoderma edule under post-bloom natural conditions","Costa, ST; Vale, C; Raimundo, J; Matias, D; Botelho, MJ","Chemosphere","149",NA,"10.1016/j.chemosphere.2016.01.105","Article","English","Portugal","Portugal","PRT"
2024,"Accumulation and depuration of 4,5-dihydro-KmTx2 from Karlodinium veneficum in the bivalves, Mercenaria mercenaria and Sinonovacula constricta","Li, YR; Chen, R; Zhu, ZJ; Mu, T; Ran, ZS; Xu, JL; Zhou, CX; Yan, XJ","Harmful Algae","139",NA,"10.1016/j.hal.2024.102736","Article","English","Peoples R China","China","CHN"
2019,"Paralytic Shellfish Toxins and Ocean Warming: Bioaccumulation and Ecotoxicological Responses in Juvenile Gilthead Seabream (Sparus aurata)","Barbosa, V; Santos, M; Anacleto, P; Maulvault, AL; Pousao-Ferreira, P; Costa, PR; Marques, A","Toxins","11","7","10.3390/toxins11070408","Article","English","Portugal","Portugal","PRT"
2021,"Field Validation of the Southern Rock Lobster Paralytic Shellfish Toxin Monitoring Program in Tasmania, Australia","Turnbull, A; Dorantes-Aranda, JJ; Madigan, T; Jolley, J; Revill, H; Harwood, T; Hallegraeff, G","Marine Drugs","19","9","10.3390/md19090510","Article","English","Australia","Australia","AUS"
2013,"Okadaic Acid Meet and Greet: An Insight into Detection Methods, Response Strategies and Genotoxic Effects in Marine Invertebrates","Prego-Faraldo, MV; Valdiglesias, V; Méndez, J; Eirín-López, JM","Marine Drugs","11","8","10.3390/md11082829","Review","English","Spain","Spain","ESP"
1999,"Okadaic acid depuration in the mussel Mytilus galloprovincialis:: one- and two-compartment models and the effect of environmental conditions","Blanco, J; Fernández, ML; Míguez, A; Moroño, A","Marine Ecology Progress Series","176",NA,"10.3354/meps176153","Article","English","Spain","Spain","ESP"
2016,"Evidence of freshwater algal toxins in marine shellfish: Implications for human and aquatic health","Gibble, CM; Peacock, MB; Kudela, RM","Harmful Algae","59",NA,"10.1016/j.hal.2016.09.007","Article","English","CA 95064 USA","United States","USA"
2024,"Effects of Vibrio vulnificus and Microcystis aeruginosa co-exposures on microplastic accumulation and depuration in the Eastern Oyster (Crassostrea virginica)","Wenclawiak, JT; Weinstein, JE; Key, PB; Plante, CJ; Beckingham, BA","Environmental Pollution","359",NA,"10.1016/j.envpol.2024.124558","Article","English","SC 29412 USA","United States","USA"
2020,"Paralytic Shellfish Toxins (PST)-Transforming Enzymes: A Review","Raposo, MIC; Gomes, MTSR; Botelho, MJ; Rudnitskaya, A","Toxins","12","5","10.3390/toxins12050344","Review","English","Portugal","Portugal","PRT"
2021,"Experimental Evidence of Ciguatoxin Accumulation and Depuration in Carnivorous Lionfish","Leite, ID; Sdiri, K; Taylor, A; Viallon, J; Gharbia, HB; Júnior, LLM; Swarzenski, P; Oberhaensli, F; Darius, HT; Chinain, M; Bottein, MYD","Toxins","13","8","10.3390/toxins13080564","Article","English","Brazil","Brazil","BRA"
2018,"Combined effect of temperature and nutritional regime on the elimination of the lipophilic toxin okadaic acid in the naturally contaminated wedge shell Donax trunculus","Botelho, MJ; Vale, C; Joaquim, S; Costa, ST; Soares, F; Roque, C; Matias, D","Chemosphere","190",NA,"10.1016/j.chemosphere.2017.09.100","Article","English","Portugal","Portugal","PRT"
2003,"Does uptake of Alexandrium fundyense cysts contribute to the levels of PSP toxin found in the sea scallop, Placopecten magellanicus?","Haya, K; Martin, JL; Robinson, SMC; Martin, JD; Khots, A","Harmful Algae","2","1","10.1016/S1568-9883(02)00068-9","Article","English","Canada","Canada","CAN"
2018,"Transformation and Depuration o f Paralytic Shellfish Toxins in the Geoduck Clam Panopea globosa From the Northern Gulf of California","Medina-Elizaide, J; García-Mendoza, E; Turner, AD; Sánchez-Bravo, YA; Murillo-Martínez, R","Frontiers in Marine Science","5",NA,"10.3389/fmars.2018.00335","Article","English","Mexico","Mexico","MEX"
2017,"Accumulation and depuration of paralytic shellfish toxins by Australian abalone Haliotis rubra: Conclusive association with Gymnodinium catenatum dinoflagellate blooms","McLeod, C; Dowsett, N; Hallegraeff, G; Harwood, DT; Hay, B; Ibbott, S; Malhi, N; Murray, S; Smith, K; Tan, J; Turnbull, A","Food Control","73",NA,"10.1016/j.foodcont.2016.10.012","Article","English","Australia","Australia","AUS"
2001,"Accumulation and depuration kinetics of paralytic shellfish toxins in the scallop Patinopecten yessoensis fed Alexandrium tamarense","Sekiguchi, K; Sato, S; Ogata, T; Kaga, S; Kodama, M","Marine Ecology Progress Series","220",NA,"10.3354/meps220213","Article","English","Japan","Japan","JPN"
2021,"Effect of carboxymethyl chitosan on the detoxification and biotransformation of paralytic shellfish toxins in oyster Ostrea rivularis","Yang, XH; Hu, XQ; Dong, ZQ; Li, M; Zheng, ZX; Xie, WC","Toxicon","196",NA,"10.1016/j.toxicon.2021.03.006","Article","English","Peoples R China","China","CHN"
2025,"Environmental factors driving microcystin contamination of estuarine bivalve populations downstream of freshwater cyanobacterial blooms","Wallace, MK; Kudela, RM; Gobler, CJ","Marine Pollution Bulletin","214",NA,"10.1016/j.marpolbul.2025.117798","Article","English","NY 11968 USA","United States","USA"
1992,"DEPURATION OF DOMOIC ACID FROM LIVE BLUE MUSSELS (MYTILUS-EDULIS)","NOVACZEK, I; MADHYASTHA, MS; ABLETT, RF; DONALD, A; JOHNSON, G; NIJJAR, MS; SIMS, DE","Canadian Journal of Fisheries and Aquatic Sciences","49","2","10.1139/f92-035","Article","English","CANADA","Canada","CAN"
2010,"Domoic acid uptake and elimination kinetics in oysters and mussels in relation to body size and anatomical distribution of toxin","Mafra, LL; Bricelj, VM; Fennel, K","Aquatic Toxicology","100","1","10.1016/j.aquatox.2010.07.002","Article","English","Canada","Canada","CAN"
2012,"Detection and sub-cellular distribution of the amnesic shellfish toxin, domoic acid, in the digestive gland of Octopus vulgaris during periods of toxin absence","Lage, S; Raimundo, J; Brotas, V; Costa, PR","Marine Biology Research","8","8","10.1080/17451000.2012.659668","Article","English","Portugal","Portugal","PRT"
2015,"Transfer of microcystin from freshwater lakes to Puget Sound, WA and toxin accumulation in marine mussels (Mytilus trossulus)","Preece, EP; Moore, BC; Hardy, FJ","Ecotoxicology and Environmental Safety","122",NA,"10.1016/j.ecoenv.2015.07.013","Article","English","WA 99164 USA","United States","USA"
2020,"Rapid Domoic Acid Depuration in the Scallop Argopecten purpuratus and Its Transfer from the Digestive Gland to Other Organs","Alvarez, G; Rengel, J; Araya, M; Alvarez, F; Pino, R; Uribe, E; Díaz, PA; Rossignoli, AE; López-Rivera, A; Blanco, J","Toxins","12","11","10.3390/toxins12110698","Article","English","Chile","Chile","CHL"
2023,"Dual characteristics of Bellamya aeruginosa encountering Microcystis aeruginosa: Algal control and toxin depuration","Wang, M; Qiu, Y; Zhang, ZY; Chen, YT; Qin, WL; Guan, WC; Li, G; Yu, HG; Dai, CJ; Li, RH; Ma, ZL","Ecotoxicology and Environmental Safety","252",NA,"10.1016/j.ecoenv.2023.114596","Article","English","Peoples R China","China","CHN"
2011,"ACCUMULATION AND DEPURATION OF YESSOTOXIN IN TWO BIVALVES","Röder, K; Fritz, N; Gerdts, G; Luckas, B","Journal of Shellfish Research","30","1","10.2983/035.030.0124","Article","English","Germany","Germany","DEU"
2020,"Molecular Responses of Mussel Mytilus galloprovincialis Associated to Accumulation and Depuration of Marine Biotoxins Okadaic Acid and Dinophysistoxin-1 Revealed by Shotgun Proteomics","Martins, JC; Domínguez-Pérez, D; Azevedo, C; Braga, AC; Costae, PR; Osório, H; Vasconcelos, V; Campos, A","Frontiers in Marine Science","7",NA,"10.3389/fmars.2020.589822","Article","English","Portugal","Portugal","PRT"
2015,"Prediction of on-site depuration of paralytic shellfish poisoning toxins accumulated in the scallop Patinopecten yessoensis of Ofunato Bay, Japan","Kaga, S; Sato, S; Kaga, Y; Naiki, K; Watanabe, S; Yamada, Y; Ogata, T","Fisheries Science","81","4","10.1007/s12562-015-0891-6","Article","English","Japan","Japan","JPN"
2020,"Distribution of Domoic Acid in the Digestive Gland of the King ScallopPecten maximus","Blanco, J; Mauriz, A; Alvarez, G","Toxins","12","6","10.3390/toxins12060371","Article","English","Spain","Spain","ESP"
2009,"Changes in the GST Activity of the Mussel Mytilus galloprovincialis during Exposure and Depuration of Microcystins","Fernandes, S; Welker, M; Vasconcelos, VM","Journal of Experimental Zoology Part A-Ecological and Integrative Physiology","311A","3","10.1002/jez.524","Article","English","Portugal","Portugal","PRT"
2016,"Accumulation, transformation and breakdown of DSP toxins from the toxic dinoflagellate Dinophysis acuta in blue mussels, Mytilus edulis","Nielsen, LT; Hansen, PJ; Krock, B; Vismann, B","Toxicon","117",NA,"10.1016/j.toxicon.2016.03.021","Article","English","Denmark","Denmark","DNK"
2021,"A Microencapsulation Method for Delivering Tetrodotoxin to Bivalves to Investigate Uptake and Accumulation","Biessy, L; Smith, KF; Wood, SA; Tidy, A; van Ginkel, R; Bowater, JRD; Hawes, I","Marine Drugs","19","1","10.3390/md19010033","Article","English","New Zealand","New Zealand","NZL"
2021,"Accumulation of paralytic shellfish toxins by Southern Rock lobster Jasus edwardsii causes minimal impact on lobster health","Turnbull, A; Malhi, N; Seger, A; Jolley, J; Hallegraeff, G; Fitzgibbon, Q","Aquatic Toxicology","230",NA,"10.1016/j.aquatox.2020.105704","Article","English","Australia","Australia","AUS"
2012,"Analysis of paralytic shellfish toxins and their metabolites in shellfish from the North Yellow Sea of China","Li, A; Ma, J; Cao, J; Wang, Q; Yu, R; Thomas, K; Quilliam, MA","Food Additives and Contaminants Part A-Chemistry Analysis Control Exposure and Risk Assessment","29","9","10.1080/19440049.2012.699005","Article","English","Peoples R China","China","CHN"
2007,"Modelling the accumulation of PSP toxins in Thau Lagoon oysters (Crassostrea gigas) from trials using mixed cultures of Alexandrium catenella and Thalassiosira weissflogii","Lassus, P; Amzil, Z; Baron, R; Séchet, V; Barillé, L; Abadie, E; Bardouil, M; Sibat, M; Truquet, P; Bérard, JB; Gueguen, M","Aquatic Living Resources","20","1","10.1051/alr:2007016","Article; Proceedings Paper","English","France","France","FRA"
2009,"Photocatalytic properties of nanocrystalline titanium dioxide films in the degradation of domoic acid in aqueous solution: potential for use in molluscan shellfish biotoxin depuration facilities","Djaoued, Y; Robichaud, J; Thibodeau, M; Balaji, S; Tchoukanova, N; Bates, SS","Food Additives and Contaminants Part A-Chemistry Analysis Control Exposure and Risk Assessment","26","2","10.1080/02652030802322887","Article","English","Canada","Canada","CAN"
2025,"Metabolic transformation of paralytic shellfish toxins in the mussel Mytilus galloprovincialis under different exposure modes","Zheng, GC; Che, HY; Wu, HY; Deng, YX; Guo, MM; Peng, JX; Geng, QQ; Tan, ZJ","Harmful Algae","141",NA,"10.1016/j.hal.2024.102771","Article","English","Peoples R China","China","CHN"
2007,"Trophic transfer of paralytic shellfish toxins from the cladoceran (Moina mongolica) to larvae of the fish (Sciaenops ocellatus)","Jlang, TJ; Wang, DZ; Niu, T; Xu, YX","Toxicon","50","5","10.1016/j.toxicon.2007.05.008","Article","English","Peoples R China","China","CHN"
2008,"Uptake, elimination, and biotransformation of aqueous and dietary DDT in marine fish","Kwong, RWM; Yu, PKN; Lam, PKS; Wang, WX","Environmental Toxicology and Chemistry","27","10","10.1897/07-608.1","Article","English","Peoples R China","China","CHN"
2007,"Uptake, tissue distribution and excretion of domoic acid after oral exposure in coho salmon (Oncorhynchus kisutch)","Lefebvre, KA; Noren, DP; Schultz, IR; Bogard, SM; Wilson, J; Eberhart, BTL","Aquatic Toxicology","81","3","10.1016/j.aquatox.2006.12.009","Article","English","WA 98352 USA","United States","USA"
2024,"The amnesic shellfish poisoning toxin, domoic acid: The tattoo of the king scallop Pecten maximus","García-Corona, JL; Fabioux, C; Vanmaldergem, J; Petek, S; Derrien, A; Terre-Terrillon, A; Bressolier, L; Breton, F; Hegaret, H","Harmful Algae","133",NA,"10.1016/j.hal.2024.102607","Article","English","France","France","FRA"
2020,"Paralytic shellfish toxin profiles in mussel, cockle and razor shell under post-bloom natural conditions: Evidence of higher biotransformation in razor shells and cockles","Botelho, MJ; Marques, F; Freitas, R; Pires, A; Pereira, E; Vale, C","Marine Environmental Research","154",NA,"10.1016/j.marenvres.2019.104839","Article","English","Portugal","Portugal","PRT"
2018,"Dynamics of paralytic shellfish toxins and their metabolites during timecourse exposure of scallops Chlamys farreri and mussels Mytilus galloprovincialis to Alexandrium pacificum","Qiu, JB; Meng, FP; Ding, L; Che, YJ; McCarron, P; Beach, DG; Li, AF","Aquatic Toxicology","200",NA,"10.1016/j.aquatox.2018.05.003","Article","English","Peoples R China","China","CHN"
2013,"Evaluation of Passive Samplers as a Monitoring Tool for Early Warning of Dinophysis Toxins in Shellfish","Pizarro, G; Moroño, A; Paz, B; Franco, JM; Pazos, Y; Reguera, B","Marine Drugs","11","10","10.3390/md11103823","Article","English","Spain","Spain","ESP"
2018,"The role of marine biotoxins on the trophic transfer of Mn and Zn in fish","Pouil, S; Clausing, RJ; Metian, M; Bustamante, P; Bottein, MYD","Aquatic Toxicology","198",NA,"10.1016/j.aquatox.2018.03.004","Article","English","Monaco","Monaco","MCO"
2006,"The uptake, distribution and elimination of paralytic shellfish toxins in mussels and fish exposed to toxic dinoflagellates","Kwong, RWM; Wang, WX; Lam, PKS; Yu, PKN","Aquatic Toxicology","80","1","10.1016/j.aquatox.2006.07.016","Article","English","Peoples R China","China","CHN"
2006,"Estimating the accumulation and transfer of Nodularia spumigena toxins by the blue mussel Mytilus edulis:: An appraisal from culture and mesocosm experiments","Strogyloudi, E; Giannakourou, A; Legrand, C; Ruehl, A; Granéli, E","Toxicon","48","4","10.1016/j.toxicon.2006.05.009","Article","English","Germany","Germany","DEU"
1997,"Domoic acid uptake and depuration in Dungeness crab (Cancer magister Dana 1852)","Lund, JAK; Barnett, HJ; Hatfield, CL; Gauglitz, EJ; Wekell, JC; Rasco, B","Journal of Shellfish Research","16","1",NA,"Article","English","WA 98105 USA","United States","USA"
2021,"Rapid uptake and slow depuration: Health risks following cyanotoxin accumulation in mussels?","Camacho-Muñoz, D; Waack, J; Turner, AD; Lewis, AM; Lawton, LA; Edwards, C","Environmental Pollution","271",NA,"10.1016/j.envpol.2020.116400","Article","English","Scotland",NA,NA
2021,"Toxin accumulation, detoxification and oxidative stress in bivalve (Anomalocardia flexuosa) exposed to the dinoflagellate Prorocentrum lima","Leite, ID; Sandrini-Neto, L; Squella, FL; Alves, TP; Schramm, MA; Calado, SLD; de Assis, HCS; Mafra, LL","Aquatic Toxicology","232",NA,"10.1016/j.aquatox.2020.105738","Article","English","Brazil","Brazil","BRA"
2022,"The value of toxin profiles in the chemotaxonomic analysis of paralytic shellfish toxins in determining the relationship between British Alexandrium spp. and experimentally contaminated Mytilus sp.","Lewis, AM; Dean, KJ; Hartnell, DM; Percy, L; Turner, AD; Lewis, JM","Harmful Algae","111",NA,"10.1016/j.hal.2021.102131","Article","English","England",NA,NA
1991,"MONITORING THE ACCUMULATION AND DEPURATION OF PARALYTIC SHELLFISH TOXINS IN MOLLUSCAN SHELLFISH BY HIGH-PERFORMANCE LIQUID-CHROMATOGRAPHY AND IMMUNOLOGICAL METHODS","CEMBELLA, AD; LAMOUREUX, G","Molluscan Shellfish Depuration",NA,NA,NA,"Proceedings Paper","English",NA,NA,NA
2010,"Effect of food supply on the detoxification in the blue mussel, Mytilus edulis, contaminated by diarrhetic shellfish toxins","Marcaillou, C; Haure, J; Mondeguer, F; Courcoux, A; Dupuy, B; Pénisson, C","Aquatic Living Resources","23","3","10.1051/alr/2010026","Article","English","France","France","FRA"
2023,"Identification of Monitoring Organ in Bivalves for Early Warning of Paralytic Shellfish Toxins Accumulation","Meng, DT; Shi, JX; Li, ML; Wei, ZC; Wang, YR; Xu, YQ; Li, YB; Bao, ZM; Hu, XL","Journal of Ocean University of China","22","1","10.1007/s11802-023-5402-2","Article","English","Peoples R China","China","CHN"
2008,"Uptake and depuration of anatoxin-a by the mussel Mytilus galloprovincialis (Lamarck, 1819) under laboratory conditions","Osswald, J; Rellán, S; Gago, A; Vasconcelos, V","Chemosphere","72","9","10.1016/j.chemosphere.2008.05.012","Article","English","Portugal","Portugal","PRT"
2020,"Uptake of Paralytic Shellfish Toxins by Blacklip Abalone (Haliotis rubra rubra Leach) from direct exposure to Alexandrium catenella microalgal cells and toxic aquaculture feed","Seger, A; Hallegraeff, G; Stone, DAJ; Bansemer, MS; Harwood, DT; Turnbull, A","Harmful Algae","99",NA,"10.1016/j.hal.2020.101925","Article","English","Australia","Australia","AUS"
2018,"Application of activated carbon to accelerate detoxification of paralytic shellfish toxins from mussels Mytilus galloprovincialis and scallops Chlamys farreri","Qiu, JB; Fan, H; Liu, T; Liang, X; Meng, FP; Quilliam, MA; Li, AF","Ecotoxicology and Environmental Safety","148",NA,"10.1016/j.ecoenv.2017.10.005","Article","English","Peoples R China","China","CHN"
2008,"Cyanobacterial toxins: a qualitative meta-analysis of concentrations, dosage and effects in freshwater, estuarine and marine biota","Ibelings, BW; Havens, KE","Cyanobacterial Harmful Algal Blooms: State of The Science and Research Needs","619",NA,NA,"Article; Proceedings Paper","English","Netherlands","Netherlands","NLD"
2008,"Metabolism of pectenotoxins in brown crabs Cancer pagurus fed blue mussels Mytilus edulis","Li, ZX","Journal of Venomous Animals and Toxins Including Tropical Diseases","14","3",NA,"Article","English","Peoples R China","China","CHN"
2019,"Lipophilic Toxins in Galicia (NW Spain) between 2014 and 2017: Incidence on the Main Molluscan Species and Analysis of the Monitoring Efficiency","Blanco, J; Arévalo, F; Correa, J; Moroño, A","Toxins","11","10","10.3390/toxins11100612","Article","English","Spain","Spain","ESP"
2006,"Accumulation of phycotoxins in the mussel Mytilus galloprovincialis from the central Adriatic Sea","Pavela-Vrancic, M; Ujevic, I; Gladan, ZN; Furey, A","Croatica Chemica Acta","79","2",NA,"Article","English","Ireland","Ireland","IRL"
2010,"Decrease of marine toxin content in bivalves by industrial processes","Reboreda, A; Lago, J; Chapela, MJ; Vieites, JM; Botana, LM; Alfonso, A; Cabado, AG","Toxicon","55","2-3","10.1016/j.toxicon.2009.07.029","Article","English","Spain","Spain","ESP"
2012,"Spirolide uptake and detoxification by Crassostrea gigas exposed to the toxic dinoflagellate Alexandrium ostenfeldii","Medhioub, W; Lassus, P; Truquet, P; Bardouil, M; Amzil, Z; Sechet, V; Sibat, M; Soudant, P","Aquaculture","358",NA,"10.1016/j.aquaculture.2012.06.023","Article","English","France","France","FRA"
2006,"Continuous fluorescence recording as a way to improve Pacific oyster (Crassostrea gigas) models of paralytic shellfish toxin accumulation","Baron, R; Couedel, M; Joret, C; Garen, P; Truquet, P; Masselin, P; Bardouil, M; Lassus, P","Aquatic Living Resources","19","1","10.1051/alr:2006007","Article","English","France","France","FRA"
1993,"ORIGIN AND TRANSFER OF TOXINS INVOLVED IN CIGUATERA","LEWIS, RJ; HOLMES, MJ","Comparative Biochemistry and Physiology C-Pharmacology Toxicology and Endocrinology","106","3","10.1016/0742-8413(93)90217-9","Review","English",NA,NA,NA
2011,"Lipophilic Toxin Profile in Mytilus galloprovincialis during Episodes of Diarrhetic Shellfish Poisoning (DSP) in the NE Adriatic Sea in 2006","Gladan, ZN; Ujevic, I; Milandri, A; Marasovic, I; Ceredi, A; Pigozzi, S; Arapov, J; Skejic, S","Molecules","16","1","10.3390/molecules16010888","Article","English","Croatia","Croatia","HRV"
2007,"Accumulation and depuration of cyanobacterial toxin nodularin and biomarker responses in the mussel Mytilus edulis","Kankaanpää, H; Leiniö, S; Olin, M; Sjövall, O; Meriluoto, J; Lehtonen, KK","Chemosphere","68","7","10.1016/j.chemosphere.2007.01.076","Article","English","Finland","Finland","FIN"
2002,"Fate of paralytic shellfish poisoning toxins in purple clam Hiatula rostrata, in outdoor culture and laboratory culture","Chen, CY; Chou, HN","Marine Pollution Bulletin","44","8","10.1016/S0025-326X(01)00307-1","Article","English","Taiwan","Taiwan","TWN"
2024,"Understanding the risks of co-exposures in a changing world: a case study of dual monitoring of the biotoxin domoic acid and Vibrio spp. in Pacific oyster","Lie, AAY; Zimmer-Faust, AG; Diner, RE; Kunselman, E; Daniel, Z; Van Artsdalen, K; Garcia, MCS; Gilbert, JA; Shultz, D; Chokry, J; Langlois, K; Smith, J","Environmental Monitoring and Assessment","196","5","10.1007/s10661-024-12614-1","Article","English","CA 92626 USA","United States","USA"
2002,"Complex toxin profiles in phytoplankton and Greenshell mussels (Perna canaliculus), revealed by LC-MS/MS analysis","MacKenzie, L; Holland, P; McNabb, P; Beuzenberg, V; Selwood, A; Suzuki, T","Toxicon","40","9","10.1016/S0041-0101(02)00143-5","Article","English","Japan","Japan","JPN"
2013,"Bioaccumulation and depuration of brevetoxins in the eastern oyster (Crassostrea virginica) and the northern quahog (= hard clam, Mercenaria mercenaria)","Griffith, AW; Shumway, SE; Volety, AK","Toxicon","66",NA,"10.1016/j.toxicon.2013.01.016","Article","English","FL 33965 USA","United States","USA"
2025,"Clearance rates and toxin accumulation by North Atlantic bivalves during harmful algal blooms caused by the dinoflagellate, Dinophysis acuminata, in estuaries","Mcguire, BT; Sanderson, MP; Smith, JL; Gobler, CJ","Harmful Algae","141",NA,"10.1016/j.hal.2024.102745","Article","English","NY 11968 USA","United States","USA"
2024,"Responses of the intestinal microbiota to exposure of okadaic acid in marine medaka Oryzias melastigma","Yang, YM; Li, AF; Qiu, JB; Gao, DM; Yin, C; Li, DY; Yan, WH; Dang, H; Li, PY; Wu, RL; Han, LL; Wang, XY","Journal of Hazardous Materials","465",NA,"10.1016/j.jhazmat.2023.133087","Article","English","Peoples R China","China","CHN"
2008,"Bacterial degradation of paralytic shellfish toxins","Donovan, CJ; Ku, JC; Quilliam, MA; Gill, TA","Toxicon","52","1","10.1016/j.toxicon.2008.05.005","Article","English","Canada","Canada","CAN"
2025,"Microcystin contamination of shellfish along the freshwater-to-marine continuum within US mid-Atlantic and Northeast estuaries","Wallace, MK; Kudela, RM; Gobler, CJ","Harmful Algae","145",NA,"10.1016/j.hal.2025.102860","Article","English","NY 11968 USA","United States","USA"
1995,"MODIFIED IMMUNOASSAYS FOR POLYETHER TOXINS - IMPLICATIONS OF BIOLOGICAL MATRICES, METABOLIC STATES, AND EPITOPE RECOGNITION","BADEN, DG; MELINEK, R; SECHET, V; TRAINER, VL; SCHULTZ, DR; REIN, KS; TOMAS, CR; DELGADO, J; HALE, L","Journal of Aoac International","78","2",NA,"Article; Proceedings Paper","English",NA,NA,NA
2019,"Variability and profiles of lipophilic toxins in bivalves from Great Britain during five and a half years of monitoring: azaspiracids and yessotoxins","Dhanji-Rapkova, M; ONeill, A; Maskrey, BH; Coates, L; Swan, SC; Alves, MT; Kelly, RJ; Hatfield, RG; Rowland-Pilgrima, SJ; Lewis, AM; Turner, AD","Harmful Algae","87",NA,"10.1016/j.hal.2019.101629","Article","English","England",NA,NA
2001,"Time-dependent accumulation of cyanobacterial hepatotoxins in flounders (Platichthys flesus) and mussels (Mytilus edulis) from the northern Baltic Sea","Sipiä, VO; Kankaanpää, HT; Flinkman, J; Lahti, K; Meriluoto, JAO","Environmental Toxicology","16","4","10.1002/tox.1040","Article","English","Finland","Finland","FIN"
2003,"Accumulation and transformation of DSP toxins in mussels Mytilus galloprovincialis during a toxic episode caused by Dinophysis acuminata","Moroño, A; Arévalo, F; Fernández, ML; Maneiro, J; Pazos, Y; Salgado, C; Blanco, J","Aquatic Toxicology","62","4","10.1016/S0166-445X(02)00105-4","Article","English","Spain","Spain","ESP"
2021,"Critical Review and Conceptual and Quantitative Models for the Transfer and Depuration of Ciguatoxins in Fishes","Holmes, MJ; Venables, B; Lewis, RJ","Toxins","13","8","10.3390/toxins13080515","Review","English","Australia","Australia","AUS"
2020,"Uptake and Depuration Kinetics of Pacific Ciguatoxins in Orange-Spotted Grouper (Epinephelus coioides)","Li, J; Mak, YL; Chang, YH; Xiao, CG; Chen, YM; Shen, JC; Wang, Q; Ruan, YF; Lam, PKS","Environmental Science and Technology","54","7","10.1021/acs.est.9b07888","Article","English","Peoples R China","China","CHN"
2010,"Application of Solid Phase Adsorption Toxin Tracking (SPATT) for field detection of the hydrophilic phycotoxins domoic acid and saxitoxin in coastal California","Lane, JQ; Roddam, CM; Langlois, GW; Kudela, RM","Limnology and Oceanography-Methods","8",NA,"10.4319/lom.2010.8.0645","Article","English","CA 95064 USA","United States","USA"
2007,"Paralytic shellfish toxins in zooplankton, mussels, lobsters and caged Atlantic salmon, Salmo salar, during a bloom of Alexandrium fundyense off Grand Manan Island, in the Bay of Fundy","Sephton, DH; Haya, X; Martin, JL; LeGresley, MM; Page, FH","Harmful Algae","6","5","10.1016/j.hal.2007.03.002","Article","English","Canada","Canada","CAN"
2017,"Proposed Biotransformation Pathways for New Metabolites of Paralytic Shellfish Toxins Based on Field and Experimental Mussel Samples","Ding, L; Qiu, JB; Li, AF","Journal of Agricultural and Food Chemistry","65","27","10.1021/acs.jafc.7b02101","Article","English","Peoples R China","China","CHN"
2001,"Uptake and fate of diarrhetic shellfish poisoning toxins from the dinoflagellate Prorocentrum lima in the bay scallop Argopecten irradians","Bauder, AG; Cembella, AD; Bricelj, VM; Quilliam, MA","Marine Ecology Progress Series","213",NA,"10.3354/meps213039","Article","English","Canada","Canada","CAN"
2004,"Diarrhoetic shellfish poisoning toxins in Cancer pagurus Linnaeus, 1758 (Brachyura, Cancridae) in Norwegian waters","Castberg, T; Torgersen, T; Aasen, J; Aune, T; Naustvoll, LJ","Sarsia","89","5","10.1080/00364820410002550","Article","English","Norway","Norway","NOR"
2005,"Yessotoxins in Norwegian blue mussels (Mytilus edulis):: uptake from Protoceratium reticulatum, metabolism and depuration","Aasen, J; Samdal, IA; Miles, CO; Dahl, E; Briggs, LR; Aune, T","Toxicon","45","3","10.1016/j.toxicon.2004.10.012","Article","English","Norway","Norway","NOR"
2005,"Modeling of depuration of paralytic shellfish toxins in Chlamys nobilis and Perna viridis","Yu, KN; Choi, MC; Shen, XY; Wu, RSS; Wang, WX; Lam, PKS","Marine Pollution Bulletin","50","4","10.1016/j.marpolbul.2005.01.019","Article","English","Peoples R China","China","CHN"
2025,"Clearance rates and diarrhetic shellfish toxin accumulation by North Atlantic bivalves fed on North American strains of Dinophysis acuminata","Mcguire, BT; Sanderson, MP; Smith, JL; Gobler, CJ","Marine Pollution Bulletin","213",NA,"10.1016/j.marpolbul.2025.117613","Article","English","NY 11794 USA","United States","USA"
2023,"Tracing the fate of microcystins from irrigation water to food chains: Studies with Fragaria vulgaris and Meriones shawi","Haida, M; El Khalloufi, F; Tamegart, L; Mugani, R; Essadki, Y; Redouane, E; Azevedo, J; Araújo, MJ; Campos, A; Vasconcelos, V; Gamrani, H; Oudra, B","Toxicon","236",NA,"10.1016/j.toxicon.2023.107345","Article","English","Morocco","Morocco","MAR"
2009,"Proteomics Identification of Azaspiracid Toxin Biomarkers in Blue Mussels, Mytilus edulis","Nzoughet, JK; Hamilton, JTG; Botting, CH; Douglas, A; Devine, L; Nelson, J; Elliott, CT","Molecular and Cellular Proteomics","8","8","10.1074/mcp.M800561-MCP200","Article","English","North Ireland",NA,NA
2009,"Pseudoalteromonas Bacteria Are Capable of Degrading Paralytic Shellfish Toxins","Donovan, CJ; Garduño, RA; Kalmokoff, M; Ku, JC; Quilliam, MA; Gill, TA","Applied and Environmental Microbiology","75","21","10.1128/AEM.01384-09","Article","English","Canada","Canada","CAN"
2009,"Recent trends in paralytic shellfish toxins in Puget Sound, relationships to climate, and capacity for prediction of toxic events","Moore, SK; Mantua, NJ; Hickey, BM; Trainer, VL","Harmful Algae","8","3","10.1016/j.hal.2008.10.003","Article","English","WA 98112 USA","United States","USA"
2017,"Microcystin-LR bioconcentration induces antioxidant responses in the digestive gland of two marine bivalves Crassostrea gigas and Mytilus edulis","Kim, YD; Kim, WJ; Shin, YK; Lee, DH; Kim, YJ; Kim, JK; Rhee, JS","Aquatic Toxicology","188",NA,"10.1016/j.aquatox.2017.05.003","Article","English","South Korea","South Korea","KOR"
2002,"Emerita analoga (Stimpson) as an indicator species for paralytic shellfish poisoning toxicity along the California coast","Bretz, CK; Manouki, TJ; Kvitek, RG","Toxicon","40","8","10.1016/S0041-0101(02)00127-7","Article","English","CA 93955 USA","United States","USA"
2023,"Paralytic Shellfish Toxins in the Gastropod Concholepas concholepas: Variability, Toxin Profiles and Mechanisms for Toxicity Reduction","Seguel, M; Molinet, C; Díaz, M; Alvarez, G; García, C; Marín, A; Millanao, MO; Díaz, PA","Marine Drugs","21","1","10.3390/md21010044","Article","English","Chile","Chile","CHL"
2011,"Microencapsulation of okadaic acid as a tool for studying the accumulation of DSP toxins in mussels","Rossignoli, AE; Fernández, D; Acosta, CP; Blanco, J","Marine Environmental Research","71","1","10.1016/j.marenvres.2010.11.003","Article","English","Spain","Spain","ESP"
2025,"Assessment of the sub-lethal impacts of Karenia brevis on hard clams, Mercenaria campechiensis","Donaldson, J; Maldonado, A; Bisesi, JH; Geisbert, W; Pierce, RH","Harmful Algae","143",NA,"10.1016/j.hal.2025.102820","Article","English","FL 34236 USA","United States","USA"
1996,"Role of the kidneys in bioaccumulation of paralytic toxins by scallop (Pecten maximus) tissues","Lassus, P; Bardouil, M; Ledoux, M; Bohec, M; Murail, I; Fremy, JM","Journal of Natural Toxins","5","1",NA,"Article","English","FRANCE","France","FRA"
2024,"Comparative study of domoic acid accumulation, isomer content and associated digestive subcellular processes in five marine invertebrate species","Garcia-Corona, JL; Hegaret, H; Lassudrie, M; Derrien, A; Terre-Terrillon, A; Delaire, T; Fabioux, C","Aquatic Toxicology","266",NA,"10.1016/j.aquatox.2023.106793","Article","English","France","France","FRA"
2025,"Reviewing Evidence for Disturbance to Coral Reefs Increasing the Risk of Ciguatera","Holmes, MJ; Lewis, RJ","Toxins","17","4","10.3390/toxins17040195","Review","English","Australia","Australia","AUS"
2021,"Effects of the toxic dinoflagellate Alexandrium catenella on the behaviour and physiology of the blue mussel Mytilus edulis","Lavaud, R; Durier, G; Nadalini, JB; Filgueira, R; Comeau, LA; Babarro, JMF; Michaud, S; Scarratt, M; Tremblay, R","Harmful Algae","108",NA,"10.1016/j.hal.2021.102097","Article","English","Canada","Canada","CAN"
2019,"Inter-species variability of okadaic acid group toxicity in relation to the content of fatty acids detected in different marine vectors","Contreras, HR; García, C","Food Additives and Contaminants Part A-Chemistry Analysis Control Exposure and Risk Assessment","36","3","10.1080/19440049.2019.1569265","Article","English","Chile","Chile","CHL"
2022,"Origin of Ciguateric Fish: Quantitative Modelling of the Flow of Ciguatoxin through a Marine Food Chain","Holmes, MJ; Lewis, RJ","Toxins","14","8","10.3390/toxins14080534","Article","English","Australia","Australia","AUS"
2020,"Physiological and Metabolic Responses of Marine Mussels Exposed to Toxic Cyanobacteria Microcystis aeruginosa and Chrysosporum ovalisporum","Oliveira, F; Diez-Quijada, L; Turkina, MV; Morais, J; Felpeto, AB; Azevedo, J; Jos, A; Camean, AM; Vasconcelos, V; Martins, JC; Campos, A","Toxins","12","3","10.3390/toxins12030196","Article","English","Portugal","Portugal","PRT"
2002,"Bioaccumulation and detoxication of nodularin in tissues of flounder (Platichthys flesus), mussels (Mytilus edulis, Dreissena polymorpha), and clams (Macoma balthica) from the northern Baltic Sea","Sipiä, VO; Kankaanpää, HT; Pflugmacher, S; Flinkman, J; Furey, A; James, KJ","Ecotoxicology and Environmental Safety","53","2","10.1006/eesa.2002.2222","Article","English","Ireland","Ireland","IRL"
2018,"COMPARATIVE TOXICOKINETICS AND ANTIOXIDANT RESPONSE IN THE MICROCYSTIN-LR-EXPOSED GILL OF TWO MARINE BIVALVES, CRASSOSTREA GIGAS AND MYTILUS EDULIS","Kim, BM; Haque, MN; Lee, DH; Nam, SE; Rhee, JS","Journal of Shellfish Research","37","3","10.2983/035.037.0305","Article","English","South Korea","South Korea","KOR"
2015,"Uptake and elimination of brevetoxin in the invasive green mussel, Perna viridis, during natural Karenia brevis blooms in southwest Florida","McFarland, K; Jean, F; Soudant, P; Volety, AK","Toxicon","97",NA,"10.1016/j.toxicon.2015.02.005","Article","English","FL 33965 USA","United States","USA"
2007,"The influence of size on domoic acid concentration in king scallop, Pecten maximus (L.)","Bogan, YM; Harkin, AL; Gillespie, J; Kennedy, DJ; Hess, P; Slater, JW","Harmful Algae","6","1","10.1016/j.hal.2006.05.005","Article","English","Ireland","Ireland","IRL"
2010,"Detoxification enhancement in the gymnodimine-contaminated grooved carpet shell, Ruditapes decussatus (Linne)","Medhioub, W; Gueguen, M; Lassus, P; Bardouil, M; Truquet, P; Sibat, M; Medhioub, N; Soudant, P; Kraiem, M; Amzil, Z","Harmful Algae","9","2","10.1016/j.hal.2009.10.002","Article","English","France","France","FRA"
2021,"Diversity and regional distribution of harmful algal events along the Atlantic margin of Europe","Bresnan, E; Arévalo, F; Belin, C; Branco, MAC; Cembella, AD; Clarke, D; Correa, J; Davidson, K; Dhanji-Rapkova, M; Lozano, RF; Fernández-Tejedor, M; Guofinnsson, H; Carbonell, DJ; Laza-Martinez, A; Lemoine, M; Lewis, AM; Menédez, LM; Maskrey, BH; McKinney, A; Pazos, Y; Revilla, M; Siano, R; Silva, A; Swan, S; Turner, AD; Schweibold, L; Provoost, P; Enevoldsen, H","Harmful Algae","102",NA,"10.1016/j.hal.2021.101976","Article","English","Scotland",NA,NA
2018,"Age-dependent antioxidant responses to the bioconcentration of microcystin-LR in the mysid crustacean, Neomysis awatschensi","Min, BH; Ravikumar, Y; Lee, DH; Choi, KS; Kim, BM; Rhee, JS","Environmental Pollution","232",NA,"10.1016/j.envpol.2017.09.050","Article","English","South Korea","South Korea","KOR"
2010,"Trends of natural accumulation and detoxification of paralytic shellfish poison in two bivalves from the Northwest Patagonian inland sea","Molinet, C; Niklitschek, E; Seguel, M; Díaz, P","Revista De Biologia Marina Y Oceanografia","45","2",NA,"Article","English","Chile","Chile","CHL"
2017,"Reduction of diarrhetic shellfish poisoning (DSP) toxins accumulation in cultured mussels by means of rope clustering and hydrodynamic barriers","Blanco, J; Martin, H; Mariño, C","Aquaculture","479",NA,"10.1016/j.aquaculture.2017.05.034","Article","English","Spain","Spain","ESP"
2010,"Quantitative Determination of Gymnodimine-A by High Performance Liquid Chromatography in Contaminated Clams from Tunisia Coastline","Marrouchi, R; Dziri, F; Belayouni, N; Hamza, A; Benoit, E; Molgó, J; Kharrat, R","Marine Biotechnology","12","5","10.1007/s10126-009-9245-7","Article","English","Tunisia","Tunisia","TUN"
2012,"Azaspiracid accumulation, detoxification and biotransformation in blue mussels (Mytilus edulis) experimentally fed Azadinium spinosum","Jauffrais, T; Marcaillou, C; Herrenknecht, C; Truquet, P; Séchet, V; Nicolau, E; Tillmann, U; Hess, P","Toxicon","60","4","10.1016/j.toxicon.2012.04.351","Article","English","France","France","FRA"
2008,"First report on azaspiracid and yessotoxin groups detection in French shellfish","Amzil, Z; Sibat, M; Royer, F; Savar, V","Toxicon","52","1","10.1016/j.toxicon.2008.05.006","Article","English","France","France","FRA"
2016,"MOLECULAR DETECTION OF THE SXTA GENE FROM SAXITOXIN-PRODUCING ALEXANDRIUM MINUTUM IN COMMERCIAL OYSTERS","Farrell, H; O'Connor, W; Seebacher, F; Harwood, DT; Murray, S","Journal of Shellfish Research","35","1","10.2983/035.035.0118","Article","English","Australia","Australia","AUS"
2021,"Occurrence and persistence of enteric viruses, arsenic and biotoxins in Pacific oysters farmed in an Italian production site","Battistini, R; Listorti, V; Squadrone, S; Pederiva, S; Abete, MC; Mua, R; Ciccotelli, V; Suffredini, E; Maurella, C; Baioni, E; Orlandi, M; Ercolini, C; Serracca, L","Marine Pollution Bulletin","162",NA,"10.1016/j.marpolbul.2020.111843","Article","English","Italy","Italy","ITA"
2022,"First subcellular localization of the amnesic shellfish toxin, domoic acid, in bivalve tissues: Deciphering the physiological mechanisms involved in its long-retention in the king scallop Pecten maximus","Garcia-Corona, JL; Hegaret, H; Deleglise, M; Marzari, A; Rodriguez-Jaramillo, C; Foulon, V; Fabioux, C","Harmful Algae","116",NA,"10.1016/j.hal.2022.102251","Article","English","France","France","FRA"
2017,"The relationship between Pseudo-nitzschia (Peragallo) and domoic acid in Scottish shellfish","Bresnan, E; Fryer, RJ; Fraser, S; Smith, N; Stobo, L; Brown, N; Turrell, E","Harmful Algae","63",NA,"10.1016/j.hal.2017.01.004","Article","English","Scotland",NA,NA
2018,"PHYCOTOXIN PROFILE OF PLANKTON NET AND SHELLFISH SAMPLES FROM BULGARIAN BLACK SEA SOUTH COAST: A CASE STUDY","Peteva, Z; Stancheva, M; Georgieva, S; Gerasimova, A; Makedonski, L","4th International Conference Water Resources and Wetlands",NA,NA,NA,"Proceedings Paper","English","Bulgaria","Bulgaria","BGR"
2023,"Environmental assessment of oyster beds in the northern Arabian Gulf Coast of the United Arab Emirates","Samara, F; Bejarano, I; Mateos-Molina, D; Abouleish, M; Solovieva, N; Yaghmour, F; Ali, T; Saburova, M","Marine Pollution Bulletin","195",NA,"10.1016/j.marpolbul.2023.115442","Article","English","U Arab Emirates","United Arab Emirates","ARE"
2001,"Survey of historical New Zealand shellfish samples for accumulation of gymnodimine","Stirling, DJ","New Zealand Journal of Marine and Freshwater Research","35","4","10.1080/00288330.2001.9517047","Article; Proceedings Paper","English","New Zealand","New Zealand","NZL"
2010,"First identification of the neurotoxin homoanatoxin-a from mats of Hydrocoleum lyngbyaceum (marine cyanobacterium) possibly linked to giant clam poisoning in New Caledonia","Méjean, A; Peyraud-Thomas, C; Kerbrat, AS; Golubic, S; Pauillac, S; Chinain, M; Laurent, D","Toxicon","56","5","10.1016/j.toxicon.2009.10.029","Article","English","France","France","FRA"
2008,"Brevetoxin in two planktivorous fishes after exposure to Karenia brevis:: implications for food-web transfer to bottlenose dolphins","Hinton, M; Ramsdell, JS","Marine Ecology Progress Series","356",NA,"10.3354/meps07267","Article","English","SC 29412 USA","United States","USA"
2006,"Transfer and metabolism of paralytic shellfish poisoning from scallop (Chlamys nobilis) to spiny lobster (Panulirus stimpsoni)","Jiang, TJ; Niu, T; Xu, YX","Toxicon","48","8","10.1016/j.toxicon.2006.08.002","Article","English","Peoples R China","China","CHN"
2014,"N-Acetylcysteine boosts xenobiotic detoxification in shellfish","Peña-Llopis, S; Serrano, R; Pitarch, E; Beltrán, E; Ibáñez, M; Hernández, F; Peña, JB","Aquatic Toxicology","154",NA,"10.1016/j.aquatox.2014.05.006","Article","English","Spain","Spain","ESP"
1992,"DYNAMICS OF THE PHYCOTOXIN DOMOIC ACID - ACCUMULATION AND EXCRETION IN 2 COMMERCIALLY IMPORTANT BIVALVES","WOHLGESCHAFFEN, GD; MANN, KH; RAO, DVS; POCKLINGTON, R","Journal of Applied Phycology","4","4","10.1007/BF02185786","Article","English",NA,NA,NA
2009,"Legislation, regulation and public confidence in shellfish","Askew, C","Shellfish Safety and Quality",NA,"167",NA,"Article; Book Chapter","English","England",NA,NA
2023,"Sea temperature influences accumulation of tetrodotoxin in British bivalve shellfish","Dhanji-Rapkova, M; Alves, MT; Triñanes, JA; Martinez-Urtaza, J; Haverson, D; Bradley, K; Baker-Austin, C; Huggett, JF; Stewart, G; Ritchie, JM; Turner, AD","Science of The Total Environment","885",NA,"10.1016/j.scitotenv.2023.163905","Article","English","England",NA,NA
2019,"Trophic interactions, toxicokinetics, and detoxification processes in a domoic acid-producing diatom and two copepod species","Hardardóttir, S; Hjort, DM; Wohlrab, S; Krock, B; John, U; Nielsen, TG; Lundholm, N","Limnology and Oceanography","64","3","10.1002/lno.11078","Article","English","Denmark","Denmark","DNK"
2021,"Combined Effects of Temperature and Toxic Algal Abundance on Paralytic Shellfish Toxic Accumulation, Tissue Distribution and Elimination Dynamics in Mussels Mytilus coruscus","Tang, YY; Zhang, HY; Wang, Y; Fan, CQ; Shen, XS","Toxins","13","6","10.3390/toxins13060425","Article","English","Peoples R China","China","CHN"
2006,"Comparison of domoic acid concentration in king scallops, Pecten maximus from seabed and suspended culture systems","Bogan, YM; Kennedy, D; Harkin, AL; Gillespie, J; Hess, P; Slater, JW","Journal of Shellfish Research","25","1","10.2983/0730-8000(2006)25[129:CODACI]2.0.CO;2","Article","English","Ireland","Ireland","IRL"
1995,"EFFECTS OF DOMOIC ACID ON HEMOLYMPH PH, PCO2 AND PO2 IN THE PACIFIC OYSTER, CRASSOSTREA-GIGAS AND THE CALIFORNIA MUSSEL, MYTILUS-CALIFORNIANUS","JONES, TO; WHYTE, JNC; TOWNSEND, LD; GINTHER, NG; IWAMA, GK","Aquatic Toxicology","31","1","10.1016/0166-445X(94)00057-W","Article","English","CANADA","Canada","CAN"
1993,"EFFECTS OF ALGAL BLOOMS ON SHELLFISH BIOLOGY AND METABOLISM","MARSDEN, ID","Marine Toxins and New Zealand Shellfish","24",NA,NA,"Proceedings Paper","English",NA,NA,NA
2015,"Bioaccumulation of rnicrocystins in invasive bivalves: A case study from the boreal lagoon ecosystem","Paldaviciene, A; Zaiko, A; Mazur-Marzec, H; Razinkovas-Baziukas, A","Oceanologia","57","1","10.1016/j.oceano.2014.10.001","Article","English","Lithuania","Lithuania","LTU"
2016,"An investigation into ciguatoxin bioaccumulation in sharks","Meyer, L; Capper, A; Carter, S; Simpfendorfer, C","Toxicon","119",NA,"10.1016/j.toxicon.2016.06.007","Article","English","Australia","Australia","AUS"
2004,"Brevetoxin metabolism and elimination in the Eastern oyster (Crassostrea virginica) after controlled exposures to Karenia brevis","Plakas, SM; Wang, ZH; El Said, KR; Jester, ELE; Granade, HR; Flewelling, L; Scott, P; Dickey, RW","Toxicon","44","6","10.1016/j.toxicon.2004.07.027","Article","English","FL 33701 USA","United States","USA"
2013,"Management of domoic acid monitoring in shellfish from the Catalan coast","Papiol, GG; Casanova, A; Fernández-Tejedor, M; de la Iglesia, P; Diogène, J","Environmental Monitoring and Assessment","185","8","10.1007/s10661-012-3054-6","Article","English","Spain","Spain","ESP"
2013,"Toxicokinetics of polybrominated diphenyl ethers across life stages in the northern leopard frog (Lithobates pipiens)","Cary, TL; Karasov, WH","Environmental Toxicology and Chemistry","32","7","10.1002/etc.2215","Article","English","WI 53706 USA","United States","USA"
2020,"The presence of microcystins in the coastal waters of Nigeria, from the Bights of Bonny and Benin, Gulf of Guinea","Kadiri, MO; Isagba, S; Ogbebor, JU; Omoruyi, OA; Unusiotame-Owolagba, TE; Lorenzi, AS; Bittencourt-Oliveira, MD; Chia, MA","Environmental Science and Pollution Research","27","28","10.1007/s11356-020-09740-x","Article","English","Nigeria","Nigeria","NGA"
2008,"Accumulation of domoic acid and its effect on juvenile king scallop Pecten maximus (Linnaeus, 1758)","Liu, H; Kelly, MS; Campbell, DA; Fang, JG; Zhu, JX","Aquaculture","284","1-4","10.1016/j.aquaculture.2008.07.003","Article","English","Peoples R China","China","CHN"
2013,"Interannual variability in the timing of New England shellfish toxicity and relationships to environmental forcing","Nair, A; Thomas, AC; Borsuk, ME","Science of The Total Environment","447",NA,"10.1016/j.scitotenv.2013.01.023","Article","English","NH 03755 USA","United States","USA"
2021,"Distribution of Tetrodotoxin in Pacific Oysters (Crassostrea gigas)","Dhanji-Rapkova, M; Turner, AD; Baker-Austin, C; Huggett, JF; Ritchie, JM","Marine Drugs","19","2","10.3390/md19020084","Article","English","England",NA,NA
2018,"Accumulation and transformation of azaspiracids in scallops (Chlamys farreri) and mussels (Mytilus galloprovincialis) fed with Azadinium poporum, and response of antioxidant enzymes","Ji, Y; Qiu, JB; Xie, T; McCarron, P; Li, AF","Toxicon","143",NA,"10.1016/j.toxicon.2017.12.040","Article","English","Peoples R China","China","CHN"
2009,"Modelling as a mitigation strategy for harmful algal blooms","Blanco, J","Shellfish Safety and Quality",NA,"167",NA,"Article; Book Chapter","English","Spain","Spain","ESP"
1993,"DOMOIC ACID IN THE PACIFIC RAZOR CLAM SILIQUA-PATULA (DIXON, 1789)","DRUM, AS; SIEBENS, TL; CRECELIUS, EA; ELSTON, RA","Journal of Shellfish Research","12","2",NA,"Article","English",NA,NA,NA
2005,"Colonization of shellfish by pathogenic Vibrios","Paranjpye, RN; Strom, MS","Oceans 2005, Vols 1-3",NA,NA,NA,"Proceedings Paper","English","WA 98112 USA","United States","USA"
2023,"Feeding behavior, microcystin accumulation, biochemical response, and ultramicrostructure changes in edible freshwater bivalve Corbicula fluminea exposed to Microcystis aeruginosa","Zhang, JX; Yu, M; Gao, YN; Zhang, M; Dong, J; Li, M; Li, XJ","Environmental Science and Pollution Research","30","5","10.1007/s11356-022-22833-z","Article","English","Peoples R China","China","CHN"
2007,"Spatial variability of domoic acid concentration in king scallops Pecten maximus off the southeast coast of Ireland","Bogan, YM; Bender, K; Hervas, A; Kennedy, DJ; Slater, JW; Hess, P","Harmful Algae","6","1","10.1016/j.hal.2006.05.004","Article","English","Ireland","Ireland","IRL"
1993,"BIOACCUMULATIVE POTENTIAL AND TOXICITY OF ENDOSULFAN INSECTICIDE TO NONTARGET ANIMALS","NAQVI, SM; VAISHNAVI, C","Comparative Biochemistry and Physiology C-Toxicology and Pharmacology","105","3","10.1016/0742-8413(93)90071-R","Review","English","INDIA","India","IND"
2015,"Identifying best methods for routine ELISA detection of microcystin in seafood","Preece, EP; Moore, BC; Swanson, ME; Hardy, FJ","Environmental Monitoring and Assessment","187","2","10.1007/s10661-014-4255-y","Article","English","WA 99164 USA","United States","USA"
2022,"First observation of domoic acid and its isomers in shellfish samples from Shandong Province, China","Zheng, GC; Wu, HY; Guo, MM; Peng, JX; Zhai, YX; Tan, ZJ","Journal of Oceanology and Limnology","40","6","10.1007/s00343-022-2104-3","Article","English","Peoples R China","China","CHN"
2022,"Residue Analysis and Assessment of the Risk of Dietary Exposure to Domoic Acid in Shellfish from the Coastal Areas of China","Zheng, GC; Wu, HY; Che, HY; Li, XK; Zhang, ZH; Peng, JX; Guo, MM; Tan, ZJ","Toxins","14","12","10.3390/toxins14120862","Article","English","Peoples R China","China","CHN"
2024,"Why are bivalves not detoxified?","Leal, JF; Cristiano, MLS","Current Opinion in Food Science","57",NA,"10.1016/j.cofs.2024.101162","Article","English","Portugal","Portugal","PRT"
2008,"Detoxification of the oyster Crassostrea gigas contaminated with paralytic shellfish poison (PSP) by cultivation in filtered seawater","Takata, K; Takatsuji, H; Seno, M","Nippon Suisan Gakkaishi","74","1","10.2331/suisan.74.78","Article","Japanese","Japan","Japan","JPN"
2016,"Evidence of rapid transfer and bioaccumulation of Microcystin-LR poses potential risk to freshwater prawn Macrobrachium rosenbergii (de Man)","Liu, LP; Su, XM; Chen, TY; Li, K; Zhan, J; Egna, H; Diana, J","Aquaculture Research","47","10","10.1111/are.12759","Article","English","Peoples R China","China","CHN"
2011,"Dynamics of Protein Phosphatase Gene Expression in Corbicula fluminea Exposed to Microcystin-LR and to Toxic Microcystis aeruginosa Cells","Martins, JC; Machado, J; Martins, A; Azevedo, J; OlivaTeles, L; Vasconcelos, V","International Journal of Molecular Sciences","12","12","10.3390/ijms12129172","Article","English","Portugal","Portugal","PRT"
2016,"Size-dependent changes in toxicity of Perna viridis mussels exposed to natural populations of Pyrodinium bahamense var. compressum","Rañada, MLO; Tabbada, RSD; Mendoza, ADL; Relox, J; Sombrito, EZ","Regional Studies in Marine Science","3",NA,"10.1016/j.rsma.2015.07.007","Article","English","Philippines","Philippines","PHL"
